tm,seq_id
0.091439515,31390
0.10006322,31391
0.33159402,31392
0.129659,31393
0.16144973,31394
0.12411541,31395
0.13350497,31396
0.1451106,31397
0.12464282,31398
0.14039621,31399
0.13227603,31400
0.121836185,31401
0.14613949,31402
0.39705846,31403
0.12984727,31404
0.109611765,31405
0.13084084,31406
0.11940667,31407
0.124804884,31408
0.11276239,31409
0.11820491,31410
0.1625045,31411
0.12319158,31412
0.11464982,31413
0.117946,31414
0.115261614,31415
0.11974613,31416
0.1111867,31417
0.13968956,31418
0.13178556,31419
0.10978034,31420
0.10155088,31421
0.1272094,31422
0.11139493,31423
0.12967087,31424
0.16448233,31425
0.1378751,31426
0.15304802,31427
0.105460614,31428
0.09739713,31429
0.08830556,31430
0.110971645,31431
0.104745835,31432
0.13994807,31433
0.13848364,31434
0.14496535,31435
0.1436956,31436
0.15922695,31437
0.13345979,31438
0.16638021,31439
0.16333255,31440
0.16735843,31441
0.14344284,31442
0.136421,31443
0.15891436,31444
0.1301306,31445
0.3899054,31446
0.16891712,31447
0.15197612,31448
0.13236342,31449
0.13097517,31450
0.16672969,31451
0.19648015,31452
0.14147583,31453
0.16861096,31454
0.1784682,31455
0.12948285,31456
0.13109985,31457
0.12962028,31458
0.16489388,31459
0.33752793,31460
0.16217953,31461
0.18551713,31462
0.14065194,31463
0.12987489,31464
0.1281344,31465
0.15072492,31466
0.1940167,31467
0.09598391,31468
0.116704494,31469
0.10229309,31470
0.115532234,31471
0.0696501,31472
0.12965459,31473
0.37511298,31474
0.12892784,31475
0.1110439,31476
0.06557368,31477
0.102082565,31478
0.13809204,31479
0.36707127,31480
0.08618769,31481
0.08928709,31482
0.118603796,31483
0.1593481,31484
0.11931254,31485
0.12385553,31486
0.12172717,31487
0.10086468,31488
0.11138049,31489
0.121251166,31490
0.06676626,31491
0.088330865,31492
0.10787609,31493
0.095902175,31494
0.28141335,31495
0.1307059,31496
0.10612033,31497
0.07376659,31498
0.08609085,31499
0.12183185,31500
0.106269136,31501
0.077831134,31502
0.07636334,31503
0.054700848,31504
0.11943677,31505
0.15185037,31506
0.13672912,31507
0.06939612,31508
0.11968814,31509
0.11448066,31510
0.19325663,31511
0.119452015,31512
0.10305561,31513
0.09255181,31514
0.13688143,31515
0.4415183,31516
0.13838819,31517
0.13100433,31518
0.110388935,31519
0.121147916,31520
0.1466457,31521
0.11424671,31522
0.102528885,31523
0.118018866,31524
0.14854604,31525
0.10664442,31526
0.17086123,31527
0.09049931,31528
0.11496097,31529
0.057567988,31530
0.16238753,31531
0.046344306,31532
0.05241331,31533
0.028968994,31534
0.050292708,31535
0.025256228,31536
0.08635864,31537
0.13301796,31538
0.124775976,31539
0.13764071,31540
0.112511784,31541
0.14465915,31542
0.11816466,31543
0.10914563,31544
0.12174919,31545
0.074267,31546
0.09416002,31547
0.07655418,31548
0.058115926,31549
0.05099366,31550
0.047180206,31551
0.10148375,31552
0.10859662,31553
0.09555355,31554
0.07792565,31555
0.0746889,31556
0.13427636,31557
0.12228753,31558
0.14764921,31559
0.17801115,31560
0.100980535,31561
0.1304797,31562
0.11239515,31563
0.08081536,31564
0.06912963,31565
0.13609529,31566
0.14141843,31567
0.17625548,31568
0.1341245,31569
0.165655,31570
0.16623117,31571
0.13916539,31572
0.12928545,31573
0.1000312,31574
0.14532754,31575
0.08869444,31576
0.1379824,31577
0.11898193,31578
0.14479198,31579
0.14946018,31580
0.1305722,31581
0.19195147,31582
0.11636418,31583
0.15504895,31584
0.19311847,31585
0.2013992,31586
0.1819784,31587
0.16230483,31588
0.15419175,31589
0.11050008,31590
0.13348107,31591
0.1675463,31592
0.1412604,31593
0.47124383,31594
0.16108695,31595
0.15052317,31596
0.12351331,31597
0.13504064,31598
0.10983534,31599
0.10976952,31600
0.12028353,31601
0.113368526,31602
0.12282273,31603
0.1545817,31604
0.13939732,31605
0.15468854,31606
0.10502608,31607
0.138632,31608
0.11581978,31609
0.13303772,31610
0.12905456,31611
0.13128114,31612
0.1604416,31613
0.04662581,31614
0.045815215,31615
0.06807937,31616
0.046379495,31617
0.050024994,31618
0.043801535,31619
0.04802358,31620
0.028087635,31621
0.08519663,31622
0.020756736,31623
0.00975747,31624
0.07877155,31625
0.12370156,31626
0.1278422,31627
0.12386428,31628
0.09139794,31629
0.12794894,31630
0.08072673,31631
0.13469313,31632
0.346374,31633
0.09318273,31634
0.13472587,31635
0.09978405,31636
0.11918244,31637
0.115871295,31638
0.11064096,31639
0.09076615,31640
0.10975762,31641
0.36330602,31642
0.13120514,31643
0.11570579,31644
0.12963453,31645
0.116473675,31646
0.15952352,31647
0.11535746,31648
0.116334304,31649
0.10516043,31650
0.106822684,31651
0.121157005,31652
0.19148417,31653
0.18625724,31654
0.16143602,31655
0.16232635,31656
0.14337695,31657
0.2335214,31658
0.17848712,31659
0.15747857,31660
0.14374544,31661
0.17172661,31662
0.20028995,31663
0.11318922,31664
0.15354805,31665
0.17299859,31666
0.1345673,31667
0.117129356,31668
0.109975874,31669
0.17773998,31670
0.17732838,31671
0.15088189,31672
0.14752287,31673
0.16903225,31674
0.19437921,31675
0.13094974,31676
0.15410173,31677
0.19056022,31678
0.120252,31679
0.10864392,31680
0.19066134,31681
0.17493235,31682
0.1407263,31683
0.14995292,31684
0.19204527,31685
0.17525814,31686
0.23055658,31687
0.22584295,31688
0.15475938,31689
0.13486809,31690
0.20445645,31691
0.19150984,31692
0.15330204,31693
0.20646662,31694
0.12934716,31695
0.12728007,31696
0.10140091,31697
0.110564396,31698
0.10233486,31699
0.13513969,31700
0.13114418,31701
0.17118035,31702
0.27222848,31703
0.13060096,31704
0.16638878,31705
0.11837345,31706
0.10556196,31707
0.113300204,31708
0.1409209,31709
0.15307957,31710
0.17550737,31711
0.16206266,31712
0.18037316,31713
0.1805061,31714
0.18286362,31715
0.18943517,31716
0.18662788,31717
0.16106518,31718
0.0684284,31719
0.17807016,31720
0.2564248,31721
0.105970785,31722
0.19848569,31723
0.11150639,31724
0.20934835,31725
0.0866971,31726
0.089255825,31727
0.09343466,31728
0.09449753,31729
0.124845505,31730
0.14574921,31731
0.17708963,31732
0.12705594,31733
0.10846102,31734
0.104723066,31735
0.17422703,31736
0.1341121,31737
0.15930332,31738
0.12832086,31739
0.12567362,31740
0.11485194,31741
0.093066394,31742
0.15437631,31743
0.15467665,31744
0.11133912,31745
0.15010479,31746
0.1359776,31747
0.13797057,31748
0.29386735,31749
0.13995382,31750
0.17162393,31751
0.16165218,31752
0.15029451,31753
0.16268584,31754
0.0966191,31755
0.12708159,31756
0.07802983,31757
0.08690524,31758
0.09930581,31759
0.12798932,31760
0.09639135,31761
0.11242148,31762
0.09107031,31763
0.11373164,31764
0.11395645,31765
0.09800352,31766
0.100589916,31767
0.053423006,31768
0.035456788,31769
0.120309666,31770
0.12032369,31771
0.09773934,31772
0.17909127,31773
0.3496902,31774
0.14531842,31775
0.14167371,31776
0.1453202,31777
0.18512675,31778
0.14361064,31779
0.15321106,31780
0.103305876,31781
0.15144344,31782
0.16765192,31783
0.06524527,31784
0.08850123,31785
0.12861648,31786
0.11412977,31787
0.09993367,31788
0.13867813,31789
0.106776774,31790
0.12888356,31791
0.13190237,31792
0.1339832,31793
0.2843281,31794
0.13163108,31795
0.13568772,31796
0.12314491,31797
0.13438284,31798
0.08033432,31799
0.13882811,31800
0.11885375,31801
0.117931336,31802
0.107789904,31803
0.12127495,31804
0.1608018,31805
0.14589944,31806
0.08363646,31807
0.07892895,31808
0.11306779,31809
0.09704387,31810
0.06789477,31811
0.061592292,31812
0.19812438,31813
0.103166476,31814
0.13049078,31815
0.11213583,31816
0.090508595,31817
0.13222153,31818
0.16553612,31819
0.10937351,31820
0.09366226,31821
0.13170615,31822
0.09077741,31823
0.14244919,31824
0.11562231,31825
0.09630397,31826
0.14730671,31827
0.11661869,31828
0.13912562,31829
0.1397524,31830
0.12879226,31831
0.10549736,31832
0.120125085,31833
0.14195997,31834
0.13717435,31835
0.15982953,31836
0.092642084,31837
0.08496329,31838
0.12066831,31839
0.15855946,31840
0.13424993,31841
0.15058106,31842
0.10774857,31843
0.1316991,31844
0.11096713,31845
0.102436006,31846
0.114852,31847
0.16027513,31848
0.17486998,31849
0.15184583,31850
0.1570063,31851
0.14849259,31852
0.144296,31853
0.11348443,31854
0.1972155,31855
0.14680159,31856
0.18565758,31857
0.15394913,31858
0.157303,31859
0.12475425,31860
0.17868102,31861
0.07234876,31862
0.0706289,31863
0.067162484,31864
0.051133092,31865
0.09679088,31866
0.12564792,31867
0.06870209,31868
0.09028408,31869
0.08441289,31870
0.065303996,31871
0.054203805,31872
0.15444921,31873
0.14050275,31874
0.13909774,31875
0.1333797,31876
0.098171145,31877
0.1250634,31878
0.15343219,31879
0.072439566,31880
0.08578561,31881
0.09927003,31882
0.09278068,31883
0.13476056,31884
0.14101467,31885
0.13372654,31886
0.09216559,31887
0.09315574,31888
0.090169325,31889
0.09196575,31890
0.08787912,31891
0.08610888,31892
0.11201255,31893
0.11360632,31894
0.11408603,31895
0.124540105,31896
0.1178564,31897
0.102405325,31898
0.11557165,31899
0.14155307,31900
0.101067364,31901
0.1168039,31902
0.14819564,31903
0.1688154,31904
0.15134668,31905
0.13859648,31906
0.13024358,31907
0.16417047,31908
0.13584442,31909
0.12012313,31910
0.11773813,31911
0.06594096,31912
0.112818316,31913
0.11365707,31914
0.12073028,31915
0.14669512,31916
0.103986084,31917
0.11448935,31918
0.15140866,31919
0.09916265,31920
0.13357425,31921
0.19749188,31922
0.14146273,31923
0.17138118,31924
0.124489665,31925
0.1351816,31926
0.10922347,31927
0.099812254,31928
0.09749918,31929
0.09831698,31930
0.18462056,31931
0.31713954,31932
0.16669013,31933
0.14174831,31934
0.17056441,31935
0.07729302,31936
0.15307432,31937
0.10221544,31938
0.15626752,31939
0.1460723,31940
0.11391869,31941
0.13281134,31942
0.05224098,31943
0.061283972,31944
0.08582246,31945
0.12473607,31946
0.1084912,31947
0.10017978,31948
0.10676652,31949
0.05488174,31950
0.08869672,31951
0.08352952,31952
0.1293453,31953
0.105018035,31954
0.11861989,31955
0.12892997,31956
0.18340853,31957
0.1344315,31958
0.11701153,31959
0.13756528,31960
0.1521239,31961
0.09193751,31962
0.0959415,31963
0.061251488,31964
0.10822153,31965
0.098958895,31966
0.11519389,31967
0.06567907,31968
0.1087732,31969
0.1259808,31970
0.10639176,31971
0.09883076,31972
0.03263926,31973
0.10020402,31974
0.074548155,31975
0.06346342,31976
0.07598166,31977
0.068549514,31978
0.09337337,31979
0.13108113,31980
0.25095215,31981
0.08341612,31982
0.05999816,31983
0.14909169,31984
0.10124752,31985
0.12239304,31986
0.120265394,31987
0.10953052,31988
0.14837867,31989
0.114271134,31990
0.11989513,31991
0.12610692,31992
0.13298951,31993
0.10362241,31994
0.17377663,31995
0.16718711,31996
0.14191192,31997
0.108490735,31998
0.10714054,31999
0.1346423,32000
0.1927127,32001
0.12516932,32002
0.122679204,32003
0.12103127,32004
0.12302561,32005
0.12996744,32006
0.09512524,32007
0.103505775,32008
0.101390615,32009
0.1113718,32010
0.13332482,32011
0.104934424,32012
0.11143315,32013
0.13749018,32014
0.111404106,32015
0.10361047,32016
0.09217173,32017
0.11334874,32018
0.103942916,32019
0.14837755,32020
0.17256795,32021
0.15065314,32022
0.17502695,32023
0.16707441,32024
0.16804145,32025
0.14543709,32026
0.2485452,32027
0.11736789,32028
0.15875377,32029
0.10428889,32030
0.15241766,32031
0.15522502,32032
0.13071048,32033
0.14249972,32034
0.13913628,32035
0.13775317,32036
0.15508552,32037
0.14412345,32038
0.14775677,32039
0.14881226,32040
0.17227668,32041
0.13195385,32042
0.12632042,32043
0.11397888,32044
0.14995825,32045
0.11597729,32046
0.114932925,32047
0.14045773,32048
0.11027406,32049
0.12629415,32050
0.14203265,32051
0.13061501,32052
0.1360697,32053
0.20330095,32054
0.12013242,32055
0.10350588,32056
0.14352688,32057
0.11571559,32058
0.14135587,32059
0.09993334,32060
0.099304125,32061
0.13991195,32062
0.15488027,32063
0.14296156,32064
0.12347826,32065
0.122112006,32066
0.09658946,32067
0.1279731,32068
0.16026147,32069
0.12631501,32070
0.18029687,32071
0.24312633,32072
0.14259292,32073
0.14627197,32074
0.14123172,32075
0.18760279,32076
0.09441346,32077
0.12215197,32078
0.068586424,32079
0.16737023,32080
0.08093624,32081
0.09284216,32082
0.121445864,32083
0.17066371,32084
0.14215398,32085
0.14949065,32086
0.1313763,32087
0.17580569,32088
0.13864923,32089
0.16852391,32090
0.13330835,32091
0.16575432,32092
0.15320185,32093
0.17489837,32094
0.13976397,32095
0.1540318,32096
0.22531107,32097
0.19584887,32098
0.18121737,32099
0.06285912,32100
0.18877438,32101
0.099664986,32102
0.09346527,32103
0.110321075,32104
0.1249848,32105
0.10203086,32106
0.12997451,32107
0.1358795,32108
0.13316527,32109
0.11575927,32110
0.16480304,32111
0.14163283,32112
0.11457169,32113
0.11959392,32114
0.15950772,32115
0.13621461,32116
0.12193036,32117
0.12594971,32118
0.15561685,32119
0.12085253,32120
0.11592786,32121
0.12385915,32122
0.23895079,32123
0.18132243,32124
0.09219287,32125
0.14080833,32126
0.10527681,32127
0.1646762,32128
0.121937126,32129
0.10670099,32130
0.092228904,32131
0.06629896,32132
0.076392576,32133
0.0792772,32134
0.11705536,32135
0.06560777,32136
0.085959345,32137
0.07857482,32138
0.10156116,32139
0.08271855,32140
0.1062351,32141
0.0697142,32142
0.11274473,32143
0.07074535,32144
0.088933796,32145
0.09641987,32146
0.11502588,32147
0.1107225,32148
0.14693546,32149
0.27057958,32150
0.1333509,32151
0.1235356,32152
0.11141804,32153
0.106932566,32154
0.022575062,32155
0.054428604,32156
0.07606493,32157
0.13475843,32158
0.08037937,32159
0.06218295,32160
0.08091916,32161
0.087273896,32162
0.15349655,32163
0.13056569,32164
0.13645633,32165
0.12329589,32166
0.11110799,32167
0.11130349,32168
0.14777711,32169
0.108847246,32170
0.16089404,32171
0.1549197,32172
0.1561698,32173
0.15770856,32174
0.11005168,32175
0.09078382,32176
0.1415147,32177
0.08011256,32178
0.15137793,32179
0.15760429,32180
0.1425833,32181
0.123683915,32182
0.11634046,32183
0.15444377,32184
0.12434991,32185
0.17683706,32186
0.13387194,32187
0.16130424,32188
0.23729473,32189
0.13277268,32190
0.15372367,32191
0.14523199,32192
0.12519063,32193
0.113223195,32194
0.123417705,32195
0.110347986,32196
0.13306454,32197
0.12737879,32198
0.10795519,32199
0.19562036,32200
0.1423077,32201
0.10831891,32202
0.093946844,32203
0.1253806,32204
0.15182933,32205
0.13853467,32206
0.09186736,32207
0.11844686,32208
0.16286628,32209
0.16201185,32210
0.15503126,32211
0.14722177,32212
0.16763455,32213
0.12792166,32214
0.20457193,32215
0.12796211,32216
0.20814548,32217
0.20895603,32218
0.17897221,32219
0.12525484,32220
0.27760926,32221
0.18550247,32222
0.16860281,32223
0.20924018,32224
0.14342888,32225
0.22809839,32226
0.17125936,32227
0.2610187,32228
0.17646825,32229
0.1741992,32230
0.17913121,32231
0.20479216,32232
0.19067553,32233
0.18482377,32234
0.16609919,32235
0.16475078,32236
0.17382313,32237
0.14550051,32238
0.28422114,32239
0.13662434,32240
0.16608989,32241
0.14807379,32242
0.13214114,32243
0.18105811,32244
0.15005258,32245
0.13114026,32246
0.20992072,32247
0.14242637,32248
0.16957805,32249
0.14210984,32250
0.16490482,32251
0.10942477,32252
0.26824087,32253
0.10453294,32254
0.13730642,32255
0.13875262,32256
0.13297048,32257
0.17147315,32258
0.1769762,32259
0.14778754,32260
0.26538354,32261
0.1885781,32262
0.13184269,32263
0.13758747,32264
0.13890788,32265
0.13827005,32266
0.07498939,32267
0.09499645,32268
0.24532905,32269
0.13187534,32270
0.16087331,32271
0.1658562,32272
0.10043837,32273
0.11859968,32274
0.10373099,32275
0.06414054,32276
0.064162314,32277
0.096947774,32278
0.10288696,32279
0.13087948,32280
0.10152565,32281
0.046784963,32282
0.04958939,32283
0.07996243,32284
0.12959711,32285
0.07725982,32286
0.11597748,32287
0.07706319,32288
0.08776751,32289
0.09106444,32290
0.0789834,32291
0.07649024,32292
0.059478868,32293
0.21757376,32294
0.11409761,32295
0.10768576,32296
0.07898478,32297
0.10063654,32298
0.068389565,32299
0.08008222,32300
0.060423847,32301
0.11940567,32302
0.122789025,32303
0.267676,32304
0.13451914,32305
0.11844444,32306
0.14482725,32307
0.12733391,32308
0.13178019,32309
0.14217006,32310
0.10906874,32311
0.12505089,32312
0.0665669,32313
0.09741339,32314
0.11426316,32315
0.13925233,32316
0.122148216,32317
0.100067034,32318
0.084155455,32319
0.06355347,32320
0.120659515,32321
0.11305845,32322
0.10045229,32323
0.12204149,32324
0.12201741,32325
0.07463333,32326
0.11776447,32327
0.069744274,32328
0.12751606,32329
0.11061986,32330
0.105682254,32331
0.1561219,32332
0.09589949,32333
0.108162045,32334
0.1380957,32335
0.17696403,32336
0.15636334,32337
0.16139205,32338
0.1636018,32339
0.1445685,32340
0.075856835,32341
0.07096335,32342
-0.014172267,32343
0.038821504,32344
0.10126729,32345
0.0948731,32346
0.062158804,32347
0.12905477,32348
0.16575359,32349
0.09342772,32350
0.102799445,32351
0.09433037,32352
0.12789649,32353
0.092059374,32354
0.07640053,32355
0.15231428,32356
0.1850418,32357
0.111108586,32358
0.11790773,32359
0.05853312,32360
0.15567756,32361
0.12594944,32362
0.08019547,32363
0.14395255,32364
0.13798419,32365
0.11732139,32366
0.062278505,32367
0.13971305,32368
0.092190385,32369
0.0736507,32370
0.13922478,32371
0.13495468,32372
0.11846699,32373
0.118799835,32374
0.17423528,32375
0.089166954,32376
0.1648876,32377
0.10776518,32378
0.23660234,32379
0.12169102,32380
0.1432577,32381
0.28184983,32382
0.097993955,32383
0.100908265,32384
0.12221907,32385
0.16215146,32386
0.16967338,32387
0.16875432,32388
0.12684956,32389
0.14284343,32390
0.13762192,32391
0.10524246,32392
0.11673619,32393
0.10549936,32394
0.14536583,32395
0.090317756,32396
0.082006395,32397
0.11167067,32398
0.082396686,32399
0.15745428,32400
0.18026215,32401
0.11218792,32402
0.085628554,32403
0.12377468,32404
0.10855356,32405
0.12380278,32406
-0.044765133,32407
-0.0094457455,32408
0.024247382,32409
0.028490078,32410
0.027395006,32411
0.028628822,32412
-0.037427943,32413
-0.028979655,32414
-0.0081244,32415
0.124209315,32416
0.108354926,32417
0.09492746,32418
0.06436756,32419
0.0635889,32420
0.14987811,32421
0.12250632,32422
0.14711556,32423
0.17083755,32424
0.16622907,32425
0.17028038,32426
0.17547198,32427
0.15444475,32428
0.15861563,32429
0.14846165,32430
0.14039089,32431
0.13492239,32432
0.13723154,32433
0.12103179,32434
0.13086422,32435
0.12498529,32436
0.11379789,32437
0.05812073,32438
0.046990838,32439
0.023780305,32440
0.0485397,32441
0.058771107,32442
0.040417988,32443
0.09228213,32444
0.02743394,32445
0.085517466,32446
0.008493941,32447
0.021548774,32448
0.013238762,32449
0.086889565,32450
0.032962237,32451
0.04857421,32452
0.053252455,32453
0.11940667,32454
0.07246652,32455
0.10293993,32456
0.124893606,32457
0.12096155,32458
0.091751754,32459
0.15366258,32460
0.09007521,32461
0.16646321,32462
0.0103982985,32463
0.024058942,32464
0.1021553,32465
0.16835563,32466
0.15119374,32467
0.12341802,32468
0.17801061,32469
0.16440931,32470
0.15611629,32471
0.13142633,32472
0.13334844,32473
0.05719873,32474
0.14594012,32475
0.118824884,32476
0.13887264,32477
0.12981549,32478
0.1472947,32479
0.1477808,32480
0.11780591,32481
0.09963077,32482
0.13641043,32483
0.13534322,32484
0.13340989,32485
0.13017279,32486
0.13898934,32487
0.24851891,32488
0.14843106,32489
0.16132519,32490
0.1732944,32491
0.16992748,32492
0.13824193,32493
0.13313645,32494
0.13130528,32495
0.22571416,32496
0.1390596,32497
0.16168863,32498
0.15140119,32499
0.16114928,32500
0.14698276,32501
0.17877334,32502
0.14026134,32503
0.12908371,32504
0.23317622,32505
0.16612966,32506
0.1972042,32507
0.14398713,32508
0.17445818,32509
0.105047554,32510
0.09688051,32511
0.11745788,32512
0.15524814,32513
0.11343704,32514
0.08171262,32515
0.1731824,32516
0.11456345,32517
0.12941927,32518
0.11846277,32519
0.1680678,32520
0.12334567,32521
0.14674602,32522
0.15389624,32523
0.10780874,32524
0.10381694,32525
0.07365167,32526
0.12940624,32527
0.1476163,32528
0.11389476,32529
0.12788919,32530
0.097183034,32531
0.10088293,32532
0.09362449,32533
0.085887164,32534
0.12152982,32535
0.13774177,32536
0.15111235,32537
0.13255176,32538
0.11745767,32539
0.13450775,32540
0.117583156,32541
0.11519456,32542
0.09470326,32543
0.112853095,32544
0.11910975,32545
0.12214206,32546
0.12411931,32547
0.10957213,32548
0.07952988,32549
0.14058086,32550
0.09115483,32551
0.0784709,32552
0.154714,32553
0.13137639,32554
0.1238841,32555
0.13608846,32556
0.12136638,32557
0.13422742,32558
0.123038575,32559
0.12132767,32560
0.1754118,32561
0.1186755,32562
0.13016832,32563
0.1320433,32564
0.11958407,32565
0.088970914,32566
0.0832489,32567
0.14344516,32568
0.09319493,32569
0.09121637,32570
0.08044995,32571
0.11495887,32572
0.11274798,32573
0.07265939,32574
0.12062235,32575
0.11206162,32576
0.14385842,32577
0.14595896,32578
0.1535025,32579
0.13332313,32580
0.1280431,32581
0.10874307,32582
0.11213952,32583
0.117174074,32584
0.13595876,32585
0.11752841,32586
0.12490855,32587
0.10427882,32588
0.086959705,32589
0.09587279,32590
0.12966344,32591
0.11578134,32592
0.2025122,32593
0.14679748,32594
0.14627978,32595
0.1734756,32596
0.18051155,32597
0.20368153,32598
0.13801816,32599
0.17449433,32600
0.16137543,32601
0.16301204,32602
0.16652966,32603
0.14219967,32604
0.15586738,32605
0.15706402,32606
0.1628561,32607
0.15231656,32608
0.19849685,32609
0.17247817,32610
0.16237554,32611
0.14185233,32612
0.16047049,32613
0.12786743,32614
0.12861657,32615
0.13647978,32616
0.15850957,32617
0.17171766,32618
0.14632553,32619
0.12629749,32620
0.123166084,32621
0.09992394,32622
0.124241605,32623
0.09898655,32624
0.11756112,32625
0.11935915,32626
0.14142555,32627
0.14775294,32628
0.14354989,32629
0.12787832,32630
0.12668364,32631
0.15222815,32632
0.12297319,32633
0.12289867,32634
0.13970965,32635
0.15055692,32636
0.13447177,32637
0.14041269,32638
0.11266895,32639
0.16884793,32640
0.1023317,32641
0.085911706,32642
0.07682733,32643
0.11924678,32644
0.10248044,32645
0.102537155,32646
0.20819785,32647
0.12479472,32648
0.13343506,32649
0.118195936,32650
0.14195715,32651
0.13195308,32652
0.15102297,32653
0.16724941,32654
0.16514899,32655
0.3299692,32656
0.095194906,32657
0.076336235,32658
0.09891324,32659
0.118991986,32660
0.06696211,32661
0.08201389,32662
0.0444,32663
0.07550357,32664
0.085549936,32665
0.06104162,32666
0.04804382,32667
0.11432406,32668
0.09281936,32669
0.058295716,32670
0.11171213,32671
0.13589428,32672
0.12080172,32673
0.11100635,32674
0.11597741,32675
0.099442065,32676
0.083907485,32677
0.10391639,32678
0.16072294,32679
0.09915255,32680
0.10543129,32681
0.11949226,32682
0.110442534,32683
0.10776211,32684
0.13596508,32685
0.10535291,32686
0.09311418,32687
0.1050981,32688
0.1839521,32689
0.11585155,32690
0.16196327,32691
0.1026469,32692
0.08913155,32693
0.10836652,32694
0.15902758,32695
0.12751468,32696
0.08464709,32697
0.15914685,32698
0.17178595,32699
0.119304135,32700
0.115155235,32701
0.100565895,32702
0.13703795,32703
0.12793386,32704
0.14428018,32705
0.15062924,32706
0.15077248,32707
0.07811539,32708
0.15769054,32709
0.13305794,32710
0.15326461,32711
0.13884309,32712
0.15956154,32713
0.19870603,32714
0.16333766,32715
0.16656983,32716
0.18069921,32717
0.13816166,32718
0.1266683,32719
0.090099946,32720
0.12088519,32721
0.12598103,32722
0.11495121,32723
0.0985827,32724
0.13853517,32725
0.1570065,32726
0.12565008,32727
0.16946653,32728
0.1620811,32729
0.13741863,32730
0.16201197,32731
0.15691479,32732
0.11626473,32733
0.27187234,32734
0.09944324,32735
0.16446733,32736
0.15584448,32737
0.04007001,32738
0.07472752,32739
0.16646692,32740
0.10411307,32741
0.11026308,32742
0.110523984,32743
0.08791666,32744
0.11794087,32745
0.104654476,32746
0.111145005,32747
0.146773,32748
0.12167585,32749
0.12531549,32750
0.16643184,32751
0.17019911,32752
0.13077345,32753
-0.0076515414,32754
0.07613541,32755
0.14924379,32756
0.018070541,32757
0.2616671,32758
0.021712046,32759
0.099133134,32760
0.12695111,32761
0.10478099,32762
0.0954483,32763
0.05133513,32764
0.059284683,32765
0.047613684,32766
0.081842706,32767
0.101644576,32768
0.050599746,32769
0.18963298,32770
0.116929695,32771
0.11302461,32772
0.13270189,32773
0.23533213,32774
0.1737209,32775
0.10971244,32776
0.12620795,32777
0.16350621,32778
0.108966604,32779
0.07641117,32780
0.088810325,32781
0.09032239,32782
0.059810106,32783
0.07298884,32784
0.07448642,32785
0.100270584,32786
0.083558455,32787
0.10574679,32788
0.12731281,32789
0.18881041,32790
0.15753755,32791
0.099965975,32792
0.10769944,32793
0.16422653,32794
0.093950525,32795
0.12907964,32796
0.15178308,32797
0.18726075,32798
0.2755681,32799
0.13262004,32800
0.09367971,32801
0.14267698,32802
0.21522808,32803
0.108092904,32804
0.15164861,32805
0.1472683,32806
0.10776785,32807
0.16040617,32808
0.11776891,32809
0.12448475,32810
0.14273125,32811
0.118242264,32812
0.0784096,32813
0.07687266,32814
0.072176665,32815
0.077314004,32816
0.05637906,32817
0.21979414,32818
0.11059983,32819
0.09248771,32820
0.12509999,32821
0.09631628,32822
0.09117986,32823
0.13349622,32824
0.1002007,32825
0.08441597,32826
0.08337855,32827
0.10498007,32828
0.12790415,32829
0.09988086,32830
0.11127484,32831
0.11357835,32832
0.135413,32833
0.076712325,32834
0.13935551,32835
0.2764128,32836
0.10465504,32837
0.1267168,32838
0.12657979,32839
0.08054453,32840
0.0994069,32841
0.12674662,32842
0.057026584,32843
0.037167855,32844
0.12525626,32845
0.12503915,32846
0.07781786,32847
0.078310624,32848
0.031779695,32849
0.098159045,32850
0.0906665,32851
0.11641595,32852
0.08589512,32853
0.09981775,32854
0.071162835,32855
0.06859374,32856
0.092927516,32857
0.066362575,32858
0.05040171,32859
0.11889161,32860
0.11662124,32861
0.12780002,32862
0.13861953,32863
0.26834542,32864
0.12551992,32865
0.118371725,32866
0.13174206,32867
0.16750771,32868
0.14290087,32869
0.14663848,32870
0.14484213,32871
0.15447336,32872
0.17509893,32873
0.1184205,32874
0.15042548,32875
0.14591736,32876
0.17284988,32877
0.27556285,32878
0.14721097,32879
0.12724194,32880
0.13949277,32881
0.12970853,32882
0.17159852,32883
0.17457351,32884
0.16649328,32885
0.16078354,32886
0.17921102,32887
0.16455254,32888
0.3046004,32889
0.18738458,32890
0.17113577,32891
0.1760638,32892
0.12265381,32893
0.12987119,32894
0.10832591,32895
0.1527731,32896
0.30675617,32897
0.17071009,32898
0.17710243,32899
0.13396531,32900
0.08689885,32901
0.18377611,32902
0.275077,32903
0.16395226,32904
0.13064255,32905
0.1138469,32906
0.12270391,32907
0.13213943,32908
0.14405544,32909
0.115737274,32910
0.14986579,32911
0.18304498,32912
0.16521677,32913
0.17032868,32914
0.08018671,32915
0.24924332,32916
0.095952734,32917
0.113054484,32918
0.13880673,32919
0.13493596,32920
0.16180371,32921
0.08309552,32922
0.10390082,32923
0.091104835,32924
0.12897693,32925
0.11265543,32926
0.09143302,32927
0.08305693,32928
0.13829526,32929
0.026207533,32930
0.039753344,32931
0.085042,32932
0.1277829,32933
0.11088477,32934
0.10873024,32935
0.08024588,32936
0.10106008,32937
0.11323714,32938
0.11008267,32939
0.112004295,32940
0.12506336,32941
0.12955251,32942
0.10503268,32943
0.130918,32944
0.10113247,32945
0.18772525,32946
0.106490016,32947
0.12867604,32948
0.12002419,32949
0.08818595,32950
0.11935243,32951
0.11978114,32952
0.050752964,32953
0.10558672,32954
0.089695275,32955
0.08658773,32956
0.09202804,32957
0.09922221,32958
0.110978395,32959
0.12155956,32960
0.106701955,32961
0.12698404,32962
0.13159291,32963
0.14837292,32964
0.21036746,32965
0.18152739,32966
0.12091398,32967
0.18480836,32968
0.12972483,32969
0.12685993,32970
0.0785685,32971
0.12929335,32972
0.19278863,32973
0.18708281,32974
0.10899989,32975
0.12275942,32976
0.13492295,32977
0.12675582,32978
0.14584187,32979
0.14627872,32980
0.108676806,32981
0.12149173,32982
0.10472655,32983
0.119248256,32984
0.09239833,32985
0.099504784,32986
0.18931445,32987
0.11075473,32988
0.11383127,32989
0.11687945,32990
0.10663466,32991
0.083860755,32992
0.09014453,32993
0.12613991,32994
0.12989807,32995
0.108518586,32996
0.10814367,32997
0.114903584,32998
0.18183225,32999
0.10270238,33000
0.10871184,33001
0.14174399,33002
0.14308771,33003
0.1410732,33004
0.14576027,33005
0.12714757,33006
0.05805024,33007
0.14430766,33008
0.088662684,33009
0.16452077,33010
0.06077754,33011
0.12352073,33012
0.16642757,33013
0.12813455,33014
0.14866012,33015
0.1691818,33016
0.16254175,33017
0.12254126,33018
0.20547512,33019
0.10880007,33020
0.1589761,33021
0.115954146,33022
0.15802738,33023
0.113888234,33024
0.11630228,33025
0.1251917,33026
0.16542527,33027
0.11318289,33028
0.12609537,33029
0.15150318,33030
0.1606224,33031
0.14602676,33032
0.13424414,33033
0.102084965,33034
0.16349643,33035
0.11386393,33036
0.15861851,33037
0.14101508,33038
0.13830379,33039
0.22809787,33040
0.15828411,33041
0.1395806,33042
0.11765906,33043
0.13311549,33044
0.13160706,33045
0.12129137,33046
0.10478936,33047
0.09859301,33048
0.1189428,33049
0.10099167,33050
0.11496921,33051
0.10996054,33052
0.105758846,33053
0.10997668,33054
0.18303677,33055
0.13496487,33056
0.06305021,33057
0.14913392,33058
0.14231834,33059
0.15431525,33060
0.1525445,33061
0.15324982,33062
0.100593224,33063
0.098202154,33064
0.12026657,33065
0.12033717,33066
0.16075408,33067
0.09163898,33068
0.1152198,33069
0.26778328,33070
0.16423398,33071
0.13090429,33072
0.13230732,33073
0.12282738,33074
0.1054627,33075
0.16045246,33076
0.121112555,33077
0.11425914,33078
0.12680052,33079
0.14350878,33080
0.12959819,33081
0.10976882,33082
0.08147541,33083
0.05460569,33084
0.042830866,33085
0.06606746,33086
0.08863337,33087
0.13600278,33088
0.08000992,33089
0.06267208,33090
0.10233644,33091
0.10261732,33092
0.08219506,33093
0.12851016,33094
0.09259926,33095
0.059643466,33096
0.23429942,33097
0.102838784,33098
0.10086109,33099
0.11683506,33100
0.09242836,33101
0.098366946,33102
0.13218614,33103
0.07449517,33104
0.12697802,33105
0.0469316,33106
0.07935709,33107
0.10745092,33108
0.13306493,33109
0.12691198,33110
0.1728449,33111
0.13082367,33112
0.08392,33113
0.11577883,33114
0.12768994,33115
0.131403,33116
0.11662574,33117
0.113983974,33118
0.0627107,33119
0.08364664,33120
0.102991685,33121
0.16581377,33122
0.16678151,33123
0.1724706,33124
0.15428653,33125
0.12363194,33126
0.12039927,33127
0.13439658,33128
0.14713868,33129
0.16130693,33130
0.12290719,33131
0.1258845,33132
0.12318349,33133
0.11581087,33134
0.13579854,33135
0.30932823,33136
0.11581433,33137
0.17143413,33138
0.123433486,33139
0.15643662,33140
0.118831426,33141
0.18407163,33142
0.15755513,33143
0.12928444,33144
0.08412781,33145
0.082609996,33146
0.11058824,33147
0.12590554,33148
0.11760637,33149
0.097634375,33150
0.09694378,33151
0.11100058,33152
0.111397624,33153
0.11571185,33154
0.09618533,33155
0.08337332,33156
0.11474788,33157
0.05835038,33158
0.099347696,33159
0.089025125,33160
0.1284447,33161
0.11323711,33162
0.11176388,33163
0.079116166,33164
0.13246676,33165
0.12034069,33166
0.12557127,33167
0.12663239,33168
0.111445025,33169
0.10945341,33170
0.1207407,33171
0.1081731,33172
0.11403988,33173
0.11863534,33174
0.14884675,33175
0.124937624,33176
0.15412387,33177
0.1509396,33178
0.13754775,33179
0.11505377,33180
0.17627087,33181
0.16577852,33182
0.09936315,33183
0.15231755,33184
0.17356023,33185
0.14293413,33186
0.14696567,33187
0.10709439,33188
0.09806174,33189
0.10927582,33190
0.11001237,33191
0.097182244,33192
0.11085142,33193
0.10223383,33194
0.10994798,33195
0.10240413,33196
0.08405174,33197
0.12456034,33198
0.107007235,33199
0.07148826,33200
0.12504517,33201
0.08465603,33202
0.0989867,33203
0.12991093,33204
0.11720589,33205
0.12953542,33206
0.11842799,33207
0.09107925,33208
0.13777311,33209
0.11386432,33210
0.08805098,33211
0.13590986,33212
0.12650858,33213
0.10957809,33214
0.11460619,33215
0.120782554,33216
0.105897695,33217
0.12513795,33218
0.13070588,33219
0.13758531,33220
0.1187834,33221
0.11188251,33222
0.20642886,33223
0.14576933,33224
0.10881458,33225
0.32351944,33226
0.18426326,33227
0.09793848,33228
0.10856016,33229
0.1354717,33230
0.103990704,33231
0.106930494,33232
0.10346064,33233
0.07253972,33234
0.19167905,33235
0.090986356,33236
0.096718535,33237
0.11163765,33238
0.117567554,33239
0.16536593,33240
0.124066725,33241
0.12583356,33242
0.11849792,33243
0.10743463,33244
0.11871168,33245
0.099836156,33246
0.1278756,33247
0.20904952,33248
0.10488781,33249
0.09711312,33250
0.11807652,33251
0.124756634,33252
0.10853046,33253
0.094705194,33254
0.14838314,33255
0.1427758,33256
0.1305324,33257
0.1490261,33258
0.13403112,33259
0.042415757,33260
0.058804836,33261
0.07642576,33262
0.10467082,33263
0.07967402,33264
0.11942735,33265
0.17329127,33266
0.20958713,33267
0.13278997,33268
0.14078833,33269
0.10238391,33270
0.18126945,33271
0.101859316,33272
0.13599724,33273
0.24988675,33274
0.107950106,33275
0.15227596,33276
0.12682891,33277
0.15518023,33278
0.13371976,33279
0.16058886,33280
0.14526299,33281
0.11516827,33282
0.13827756,33283
0.12496765,33284
0.18203996,33285
0.1568887,33286
0.15468216,33287
0.14073007,33288
0.155794,33289
0.3009835,33290
0.1399351,33291
0.14642395,33292
0.2007774,33293
0.17453174,33294
0.07750273,33295
0.10620646,33296
0.10785735,33297
0.062543765,33298
0.07184249,33299
0.08243179,33300
0.10994467,33301
0.10708581,33302
0.115924686,33303
0.13617189,33304
0.085272685,33305
0.09037985,33306
0.114059016,33307
0.099614844,33308
0.19467422,33309
0.13462052,33310
0.11422776,33311
0.14006785,33312
0.13737933,33313
0.123269185,33314
0.1173493,33315
0.08596034,33316
0.07039179,33317
0.1533067,33318
0.13122088,33319
0.10500018,33320
0.03519487,33321
0.10168089,33322
0.093933955,33323
0.11073728,33324
0.09432329,33325
0.0887226,33326
0.14118293,33327
0.13189061,33328
0.12449479,33329
0.11007893,33330
0.14174052,33331
0.060569968,33332
0.15531392,33333
0.1426842,33334
0.1330061,33335
0.11919294,33336
0.124687254,33337
0.12051609,33338
0.08291735,33339
0.0998593,33340
0.09942597,33341
0.08846432,33342
0.32678348,33343
0.19105029,33344
0.11495516,33345
0.10272397,33346
0.14614394,33347
0.118367,33348
0.16269569,33349
0.18450087,33350
0.2290983,33351
0.17433964,33352
0.18457274,33353
0.18420735,33354
0.3109102,33355
0.17332752,33356
0.20246185,33357
0.20807607,33358
0.1473859,33359
0.1612204,33360
0.25784057,33361
0.17591648,33362
0.13164045,33363
0.17306654,33364
0.18385589,33365
0.1917229,33366
0.3126353,33367
0.13687499,33368
0.11133994,33369
0.14597817,33370
0.13805626,33371
0.1338468,33372
0.049770962,33373
0.063982904,33374
0.27123395,33375
0.057621296,33376
0.06594212,33377
0.08877616,33378
0.08027476,33379
0.05505472,33380
0.032587785,33381
0.108591214,33382
0.13348918,33383
0.11876555,33384
0.15117252,33385
0.14029284,33386
0.16573527,33387
0.16568233,33388
0.15547472,33389
0.23946488,33390
0.10436505,33391
0.13551188,33392
0.120816216,33393
0.10362327,33394
0.09289323,33395
0.07711753,33396
0.09005605,33397
0.1266697,33398
0.15895115,33399
0.13194385,33400
0.12913427,33401
0.13635208,33402
0.13212103,33403
0.17551202,33404
0.16108689,33405
0.18264571,33406
0.17618886,33407
0.12577954,33408
0.12902486,33409
0.14321756,33410
0.16507609,33411
0.11411515,33412
0.089786425,33413
0.075571865,33414
0.10292843,33415
0.11451863,33416
0.08244102,33417
0.12004654,33418
0.117437184,33419
0.07632251,33420
0.16420098,33421
0.15158945,33422
0.16770251,33423
0.1022473,33424
0.07369238,33425
0.06636274,33426
0.13661681,33427
0.08062515,33428
0.14848174,33429
0.11685586,33430
0.22731577,33431
0.18125896,33432
0.117797896,33433
0.14760903,33434
0.13279398,33435
0.14607772,33436
0.13146658,33437
0.13588783,33438
0.12925181,33439
0.14450073,33440
0.21232513,33441
0.11234665,33442
0.11308351,33443
0.151301,33444
0.14581212,33445
0.12882408,33446
0.117221564,33447
0.12588637,33448
0.11884764,33449
0.17304304,33450
0.11225319,33451
0.11168936,33452
0.137848,33453
0.09935558,33454
0.13818291,33455
0.14094426,33456
0.11491296,33457
0.20727329,33458
0.24621618,33459
0.18520322,33460
0.23173434,33461
0.20032951,33462
0.11137235,33463
0.21935181,33464
0.21123615,33465
0.16224435,33466
0.16432296,33467
0.20268737,33468
0.1593829,33469
0.18684496,33470
0.13184884,33471
0.22545408,33472
0.10547465,33473
0.11395231,33474
0.14802542,33475
0.21855885,33476
0.16033636,33477
0.13202907,33478
0.18826146,33479
0.2900066,33480
0.20120195,33481
0.37658614,33482
0.16659833,33483
0.3623917,33484
0.21225959,33485
0.123573184,33486
0.14997947,33487
0.18474062,33488
0.16692042,33489
0.20342687,33490
0.1670276,33491
0.14986616,33492
0.12952751,33493
0.11951882,33494
0.16339651,33495
0.16570033,33496
0.18574996,33497
0.15778527,33498
0.13208418,33499
0.11817226,33500
0.14470004,33501
0.12803471,33502
0.12028299,33503
0.13359642,33504
0.3775474,33505
0.118305355,33506
0.11035867,33507
0.10545887,33508
0.096995175,33509
0.122376114,33510
0.109602734,33511
0.1287832,33512
0.10631801,33513
0.11716369,33514
0.2159843,33515
0.13643903,33516
0.13605611,33517
0.11423777,33518
0.1350639,33519
0.10924366,33520
0.036399547,33521
0.022649739,33522
0.011515565,33523
0.057726923,33524
0.030156292,33525
0.16216287,33526
0.13473438,33527
0.12374298,33528
0.12214269,33529
0.1420159,33530
0.12444386,33531
0.11486526,33532
0.112427056,33533
0.114727676,33534
0.11719039,33535
0.16003111,33536
0.18350169,33537
0.176861,33538
0.16498235,33539
0.14113119,33540
0.2001407,33541
0.11850795,33542
0.16216785,33543
0.28005707,33544
0.21896833,33545
0.09178537,33546
0.16387156,33547
0.14015538,33548
0.105654255,33549
0.10814893,33550
0.09493245,33551
0.09013361,33552
0.08248174,33553
0.14659585,33554
0.11736271,33555
0.05508012,33556
0.14394686,33557
0.03839725,33558
0.13610384,33559
0.08372317,33560
0.028078288,33561
0.109025195,33562
0.099300176,33563
0.12933327,33564
0.19086072,33565
0.11873993,33566
0.20547882,33567
0.1334889,33568
0.14506264,33569
0.15813844,33570
0.07306717,33571
0.11792794,33572
0.056885924,33573
0.072593585,33574
0.09640351,33575
0.15780748,33576
0.0487256,33577
0.055704106,33578
0.061250757,33579
0.13537842,33580
0.13053766,33581
0.10032478,33582
0.12977467,33583
0.12416828,33584
0.120109916,33585
0.11644304,33586
0.091163725,33587
0.11819491,33588
0.09780024,33589
0.11872959,33590
0.08003321,33591
0.10234101,33592
0.06317955,33593
0.080213696,33594
0.09157278,33595
0.11343841,33596
0.08327477,33597
0.13092965,33598
0.47399828,33599
0.09712814,33600
0.112752035,33601
0.08375865,33602
0.08979316,33603
0.103707045,33604
0.08728534,33605
0.1337235,33606
0.10436982,33607
0.07263723,33608
0.112461165,33609
0.07612929,33610
0.084282264,33611
0.09165974,33612
0.08100563,33613
0.117087185,33614
0.06702633,33615
0.0758214,33616
0.11582546,33617
0.0879177,33618
0.06511666,33619
0.06386584,33620
0.0711357,33621
0.07562859,33622
0.07976338,33623
0.11415541,33624
0.12337272,33625
0.12814413,33626
0.13679194,33627
0.06592254,33628
0.14525002,33629
0.05734564,33630
0.065012306,33631
0.041341927,33632
0.06555016,33633
0.08293636,33634
0.05330957,33635
0.062323865,33636
0.11257543,33637
0.090897545,33638
0.07977863,33639
0.112110704,33640
0.10995369,33641
0.096845105,33642
0.111171514,33643
0.1083633,33644
0.10686624,33645
0.121190876,33646
0.14554721,33647
0.23224697,33648
0.3688611,33649
0.05243356,33650
0.06962846,33651
0.09774293,33652
0.19187589,33653
0.16640447,33654
0.09293522,33655
0.06741831,33656
0.12830354,33657
0.066709355,33658
0.08283275,33659
0.10866375,33660
0.06549907,33661
0.15293798,33662
0.069524646,33663
0.059580695,33664
0.07582544,33665
0.06639694,33666
0.1104013,33667
0.12672648,33668
0.082847446,33669
0.08736256,33670
0.10298295,33671
0.12059367,33672
0.06883977,33673
0.077440426,33674
0.088593915,33675
0.16316487,33676
0.14145203,33677
0.12609945,33678
0.08002013,33679
0.09084855,33680
0.09829746,33681
0.10629772,33682
0.14045322,33683
0.11722207,33684
0.099226564,33685
0.10768345,33686
0.17618498,33687
0.15447901,33688
0.14137965,33689
0.14618406,33690
0.116159916,33691
0.13315631,33692
0.20083655,33693
0.14248414,33694
0.14934064,33695
0.16575119,33696
0.11428815,33697
0.3770222,33698
0.07466973,33699
0.12613583,33700
0.14897431,33701
0.11090572,33702
0.11648288,33703
0.09358816,33704
0.14547949,33705
0.07700619,33706
0.09956777,33707
0.111943275,33708
0.111851305,33709
0.1381105,33710
0.12096396,33711
0.123128384,33712
0.09490217,33713
0.099037156,33714
0.07659529,33715
0.11998597,33716
0.07974997,33717
0.13650142,33718
0.090505436,33719
0.12481451,33720
0.14419895,33721
0.11465137,33722
0.14954777,33723
0.09277998,33724
0.090785176,33725
0.1488328,33726
0.14733928,33727
0.1351404,33728
0.09016764,33729
0.32957888,33730
0.09461042,33731
0.10439998,33732
0.16799816,33733
0.20829716,33734
0.17783861,33735
0.17940667,33736
0.35935912,33737
0.1240726,33738
0.18251857,33739
0.15046068,33740
0.12753867,33741
0.15471786,33742
0.15495786,33743
0.13419999,33744
0.1335297,33745
0.16925478,33746
0.13597149,33747
0.14647093,33748
0.14680198,33749
0.13447389,33750
0.17166287,33751
0.14658228,33752
0.40552664,33753
0.13047779,33754
0.15016404,33755
0.12379591,33756
0.09092221,33757
0.12822472,33758
0.16006789,33759
0.09794299,33760
0.1382544,33761
0.08987282,33762
0.081469476,33763
0.08154361,33764
0.08049327,33765
0.080979615,33766
0.08118673,33767
0.096963316,33768
0.07564847,33769
0.12277876,33770
0.36100703,33771
0.0756471,33772
0.07054691,33773
0.07334046,33774
0.10785928,33775
0.10851617,33776
0.11659539,33777
0.13932657,33778
0.12548858,33779
0.062083792,33780
0.12469199,33781
0.13349535,33782
0.1392462,33783
0.38422784,33784
0.12160495,33785
0.1933648,33786
0.13201709,33787
0.08336057,33788
0.090004966,33789
0.120911226,33790
0.13030401,33791
0.09084183,33792
0.12573592,33793
0.09291129,33794
0.14267863,33795
0.11602026,33796
0.104993075,33797
0.14269547,33798
0.14280593,33799
0.0814912,33800
0.13735329,33801
0.15341294,33802
